{
  "ticker": "BBRI",
  "trained_at": "2026-04-29T22:37:04.936405",
  "samples_train": 918,
  "samples_test": 230,
  "accuracy": 0.4739,
  "auc": 0.4125,
  "feature_importance": {
    "RSI (14)": 0.05013,
    "MACD Histogram": 0.09431,
    "MACD Line": 0.10738,
    "Stochastic %K": 0.04752,
    "Stochastic %D": 0.07005,
    "Bollinger Position": 0.02133,
    "Jarak MA20": 0.03926,
    "Jarak MA50": 0.08471,
    "Volume Ratio": 0.06407,
    "Return 1 Hari": 0.04234,
    "Return 3 Hari": 0.04661,
    "Return 5 Hari": 0.05092,
    "Return 10 Hari": 0.05386,
    "Return 20 Hari": 0.04481,
    "Volatilitas 10H": 0.10385,
    "ATR Ratio": 0.07885,
    "P/E Ratio": 0.0,
    "P/B Ratio": 0.0,
    "Dividend Yield": 0.0
  },
  "class_balance": {
    "pct_up": 0.385,
    "pct_down": 0.615
  }
}