{
  "ticker": "BUVA",
  "trained_at": "2026-05-04T19:31:27.083181",
  "samples_train": 537,
  "samples_test": 135,
  "accuracy": 0.5259,
  "auc": 0.5879,
  "feature_importance": {
    "RSI (14)": 0.05807,
    "MACD Histogram": 0.08313,
    "MACD Line": 0.09463,
    "Stochastic %K": 0.03738,
    "Stochastic %D": 0.05625,
    "Bollinger Position": 0.0965,
    "Jarak MA20": 0.05348,
    "Jarak MA50": 0.06828,
    "Volume Ratio": 0.04216,
    "Return 1 Hari": 0.01749,
    "Return 3 Hari": 0.03423,
    "Return 5 Hari": 0.01661,
    "Return 10 Hari": 0.04554,
    "Return 20 Hari": 0.04299,
    "Volatilitas 10H": 0.09071,
    "ATR Ratio": 0.16255,
    "P/E Ratio": 0.0,
    "P/B Ratio": 0.0,
    "Dividend Yield": 0.0
  },
  "class_balance": {
    "pct_up": 0.4375,
    "pct_down": 0.5625
  }
}