{
  "ticker": "ELSA",
  "trained_at": "2026-05-04T19:35:31.411667",
  "samples_train": 920,
  "samples_test": 231,
  "accuracy": 0.4978,
  "auc": 0.4925,
  "feature_importance": {
    "RSI (14)": 0.04299,
    "MACD Histogram": 0.05549,
    "MACD Line": 0.09175,
    "Stochastic %K": 0.02949,
    "Stochastic %D": 0.04158,
    "Bollinger Position": 0.04109,
    "Jarak MA20": 0.05891,
    "Jarak MA50": 0.0888,
    "Volume Ratio": 0.05592,
    "Return 1 Hari": 0.05229,
    "Return 3 Hari": 0.03131,
    "Return 5 Hari": 0.0621,
    "Return 10 Hari": 0.04555,
    "Return 20 Hari": 0.0668,
    "Volatilitas 10H": 0.11822,
    "ATR Ratio": 0.11771,
    "P/E Ratio": 0.0,
    "P/B Ratio": 0.0,
    "Dividend Yield": 0.0
  },
  "class_balance": {
    "pct_up": 0.4361,
    "pct_down": 0.5639
  }
}