{
  "ticker": "INET",
  "trained_at": "2026-05-23T14:06:23.208837",
  "samples_train": 496,
  "samples_test": 125,
  "accuracy": 0.584,
  "auc": 0.5883,
  "feature_importance": {
    "RSI (14)": 0.03021,
    "MACD Histogram": 0.09301,
    "MACD Line": 0.08251,
    "Stochastic %K": 0.04436,
    "Stochastic %D": 0.08625,
    "Bollinger Position": 0.02821,
    "Jarak MA20": 0.03176,
    "Jarak MA50": 0.07595,
    "Volume Ratio": 0.06241,
    "Return 1 Hari": 0.02588,
    "Return 3 Hari": 0.07198,
    "Return 5 Hari": 0.0361,
    "Return 10 Hari": 0.03769,
    "Return 20 Hari": 0.06759,
    "Volatilitas 10H": 0.1005,
    "ATR Ratio": 0.12557,
    "P/E Ratio": 0.0,
    "P/B Ratio": 0.0,
    "Dividend Yield": 0.0
  },
  "class_balance": {
    "pct_up": 0.38,
    "pct_down": 0.62
  }
}