{
  "ticker": "IRSX",
  "trained_at": "2026-05-23T14:12:39.743540",
  "samples_train": 495,
  "samples_test": 124,
  "accuracy": 0.5323,
  "auc": 0.444,
  "feature_importance": {
    "RSI (14)": 0.0697,
    "MACD Histogram": 0.04982,
    "MACD Line": 0.11497,
    "Stochastic %K": 0.02977,
    "Stochastic %D": 0.06943,
    "Bollinger Position": 0.06389,
    "Jarak MA20": 0.02511,
    "Jarak MA50": 0.03646,
    "Volume Ratio": 0.07691,
    "Return 1 Hari": 0.04359,
    "Return 3 Hari": 0.03641,
    "Return 5 Hari": 0.04463,
    "Return 10 Hari": 0.05371,
    "Return 20 Hari": 0.03941,
    "Volatilitas 10H": 0.13629,
    "ATR Ratio": 0.10989,
    "P/E Ratio": 0.0,
    "P/B Ratio": 0.0,
    "Dividend Yield": 0.0
  },
  "class_balance": {
    "pct_up": 0.3667,
    "pct_down": 0.6333
  }
}