{
  "ticker": "MAPI",
  "trained_at": "2026-05-10T12:28:18.713010",
  "samples_train": 923,
  "samples_test": 231,
  "accuracy": 0.5411,
  "auc": 0.5338,
  "feature_importance": {
    "RSI (14)": 0.0391,
    "MACD Histogram": 0.06427,
    "MACD Line": 0.08879,
    "Stochastic %K": 0.06969,
    "Stochastic %D": 0.04481,
    "Bollinger Position": 0.03771,
    "Jarak MA20": 0.03972,
    "Jarak MA50": 0.07737,
    "Volume Ratio": 0.07036,
    "Return 1 Hari": 0.04349,
    "Return 3 Hari": 0.07772,
    "Return 5 Hari": 0.0468,
    "Return 10 Hari": 0.03815,
    "Return 20 Hari": 0.06601,
    "Volatilitas 10H": 0.1148,
    "ATR Ratio": 0.08121,
    "P/E Ratio": 0.0,
    "P/B Ratio": 0.0,
    "Dividend Yield": 0.0
  },
  "class_balance": {
    "pct_up": 0.4333,
    "pct_down": 0.5667
  }
}