{
  "ticker": "RALS",
  "trained_at": "2026-05-13T23:56:18.037305",
  "samples_train": 925,
  "samples_test": 232,
  "accuracy": 0.6121,
  "auc": 0.571,
  "feature_importance": {
    "RSI (14)": 0.0502,
    "MACD Histogram": 0.07116,
    "MACD Line": 0.05446,
    "Stochastic %K": 0.03685,
    "Stochastic %D": 0.04151,
    "Bollinger Position": 0.0484,
    "Jarak MA20": 0.06608,
    "Jarak MA50": 0.06288,
    "Volume Ratio": 0.04831,
    "Return 1 Hari": 0.03706,
    "Return 3 Hari": 0.05826,
    "Return 5 Hari": 0.04568,
    "Return 10 Hari": 0.0563,
    "Return 20 Hari": 0.06893,
    "Volatilitas 10H": 0.14492,
    "ATR Ratio": 0.10899,
    "P/E Ratio": 0.0,
    "P/B Ratio": 0.0,
    "Dividend Yield": 0.0
  },
  "class_balance": {
    "pct_up": 0.325,
    "pct_down": 0.675
  }
}