{
  "ticker": "SIDO",
  "trained_at": "2026-05-14T00:01:13.158433",
  "samples_train": 925,
  "samples_test": 232,
  "accuracy": 0.6595,
  "auc": 0.5061,
  "feature_importance": {
    "RSI (14)": 0.05639,
    "MACD Histogram": 0.11228,
    "MACD Line": 0.06009,
    "Stochastic %K": 0.04355,
    "Stochastic %D": 0.04422,
    "Bollinger Position": 0.03481,
    "Jarak MA20": 0.03776,
    "Jarak MA50": 0.08638,
    "Volume Ratio": 0.07752,
    "Return 1 Hari": 0.03257,
    "Return 3 Hari": 0.05587,
    "Return 5 Hari": 0.04812,
    "Return 10 Hari": 0.02556,
    "Return 20 Hari": 0.0747,
    "Volatilitas 10H": 0.09825,
    "ATR Ratio": 0.11193,
    "P/E Ratio": 0.0,
    "P/B Ratio": 0.0,
    "Dividend Yield": 0.0
  },
  "class_balance": {
    "pct_up": 0.3051,
    "pct_down": 0.6949
  }
}